-- phpMyAdmin SQL Dump
-- version 5.2.1
-- https://www.phpmyadmin.net/
--
-- Host: localhost:3306
-- Generation Time: Sep 18, 2023 at 04:47 PM
-- Server version: 8.0.30
-- PHP Version: 8.1.10

SET SQL_MODE = "NO_AUTO_VALUE_ON_ZERO";
START TRANSACTION;
SET time_zone = "+00:00";


/*!40101 SET @OLD_CHARACTER_SET_CLIENT=@@CHARACTER_SET_CLIENT */;
/*!40101 SET @OLD_CHARACTER_SET_RESULTS=@@CHARACTER_SET_RESULTS */;
/*!40101 SET @OLD_COLLATION_CONNECTION=@@COLLATION_CONNECTION */;
/*!40101 SET NAMES utf8mb4 */;

--
-- Database: `db_payroll`
--

-- --------------------------------------------------------

--
-- Table structure for table `absensi`
--

CREATE TABLE `absensi` (
  `id` int NOT NULL,
  `user_id` int NOT NULL,
  `date` date NOT NULL,
  `time_in` time NOT NULL,
  `time_out` time NOT NULL,
  `created_at` timestamp NOT NULL DEFAULT CURRENT_TIMESTAMP ON UPDATE CURRENT_TIMESTAMP,
  `updated_at` datetime DEFAULT NULL,
  `deleted_at` datetime DEFAULT NULL
) ENGINE=InnoDB DEFAULT CHARSET=utf8mb4 COLLATE=utf8mb4_0900_ai_ci;

--
-- Dumping data for table `absensi`
--

INSERT INTO `absensi` (`id`, `user_id`, `date`, `time_in`, `time_out`, `created_at`, `updated_at`, `deleted_at`) VALUES
(1, 1, '2023-08-01', '07:03:00', '17:54:00', '0000-00-00 00:00:00', '0000-00-00 00:00:00', NULL),
(2, 2, '2023-08-01', '07:14:00', '17:43:00', '0000-00-00 00:00:00', '0000-00-00 00:00:00', NULL),
(3, 3, '2023-08-01', '07:26:00', '17:16:00', '0000-00-00 00:00:00', '0000-00-00 00:00:00', NULL),
(4, 4, '2023-08-01', '07:48:00', '17:55:00', '0000-00-00 00:00:00', '0000-00-00 00:00:00', NULL),
(5, 5, '2023-08-01', '07:38:00', '17:09:00', '0000-00-00 00:00:00', '0000-00-00 00:00:00', NULL),
(6, 6, '2023-08-01', '07:02:00', '17:24:00', '0000-00-00 00:00:00', '0000-00-00 00:00:00', NULL),
(7, 7, '2023-08-01', '07:36:00', '17:20:00', '0000-00-00 00:00:00', '0000-00-00 00:00:00', NULL),
(8, 8, '2023-08-01', '07:38:00', '17:24:00', '0000-00-00 00:00:00', '0000-00-00 00:00:00', NULL),
(9, 9, '2023-08-01', '07:37:00', '17:21:00', '0000-00-00 00:00:00', '0000-00-00 00:00:00', NULL),
(10, 10, '2023-08-01', '07:17:00', '17:46:00', '0000-00-00 00:00:00', '0000-00-00 00:00:00', NULL),
(11, 11, '2023-08-01', '07:08:00', '17:55:00', '0000-00-00 00:00:00', '0000-00-00 00:00:00', NULL),
(12, 12, '2023-08-01', '07:17:00', '17:26:00', '0000-00-00 00:00:00', '0000-00-00 00:00:00', NULL),
(13, 13, '2023-08-01', '07:58:00', '17:54:00', '0000-00-00 00:00:00', '0000-00-00 00:00:00', NULL),
(14, 14, '2023-08-01', '07:02:00', '17:12:00', '0000-00-00 00:00:00', '0000-00-00 00:00:00', NULL),
(15, 15, '2023-08-01', '07:57:00', '17:33:00', '0000-00-00 00:00:00', '0000-00-00 00:00:00', NULL),
(16, 1, '2023-08-02', '07:23:00', '17:07:00', '0000-00-00 00:00:00', '0000-00-00 00:00:00', NULL),
(17, 2, '2023-08-02', '07:34:00', '17:05:00', '0000-00-00 00:00:00', '0000-00-00 00:00:00', NULL),
(18, 3, '2023-08-02', '07:36:00', '17:23:00', '0000-00-00 00:00:00', '0000-00-00 00:00:00', NULL),
(19, 4, '2023-08-02', '07:48:00', '17:25:00', '0000-00-00 00:00:00', '0000-00-00 00:00:00', NULL),
(20, 5, '2023-08-02', '07:32:00', '17:54:00', '0000-00-00 00:00:00', '0000-00-00 00:00:00', NULL),
(21, 6, '2023-08-02', '07:04:00', '17:18:00', '0000-00-00 00:00:00', '0000-00-00 00:00:00', NULL),
(22, 7, '2023-08-02', '07:23:00', '17:02:00', '0000-00-00 00:00:00', '0000-00-00 00:00:00', NULL),
(23, 8, '2023-08-02', '07:50:00', '17:16:00', '0000-00-00 00:00:00', '0000-00-00 00:00:00', NULL),
(24, 9, '2023-08-02', '07:52:00', '17:48:00', '0000-00-00 00:00:00', '0000-00-00 00:00:00', NULL),
(25, 10, '2023-08-02', '07:53:00', '17:54:00', '0000-00-00 00:00:00', '0000-00-00 00:00:00', NULL),
(26, 11, '2023-08-02', '07:37:00', '17:28:00', '0000-00-00 00:00:00', '0000-00-00 00:00:00', NULL),
(27, 12, '2023-08-02', '07:57:00', '17:48:00', '0000-00-00 00:00:00', '0000-00-00 00:00:00', NULL),
(28, 13, '2023-08-02', '07:56:00', '17:33:00', '0000-00-00 00:00:00', '0000-00-00 00:00:00', NULL),
(29, 14, '2023-08-02', '07:51:00', '17:39:00', '0000-00-00 00:00:00', '0000-00-00 00:00:00', NULL),
(30, 15, '2023-08-02', '07:38:00', '17:28:00', '0000-00-00 00:00:00', '0000-00-00 00:00:00', NULL),
(31, 1, '2023-08-03', '07:05:00', '17:29:00', '0000-00-00 00:00:00', '0000-00-00 00:00:00', NULL),
(32, 2, '2023-08-03', '07:05:00', '17:34:00', '0000-00-00 00:00:00', '0000-00-00 00:00:00', NULL),
(33, 3, '2023-08-03', '07:08:00', '17:27:00', '0000-00-00 00:00:00', '0000-00-00 00:00:00', NULL),
(34, 4, '2023-08-03', '07:24:00', '17:10:00', '0000-00-00 00:00:00', '0000-00-00 00:00:00', NULL),
(35, 5, '2023-08-03', '07:38:00', '17:40:00', '0000-00-00 00:00:00', '0000-00-00 00:00:00', NULL),
(36, 6, '2023-08-03', '07:28:00', '17:19:00', '0000-00-00 00:00:00', '0000-00-00 00:00:00', NULL),
(37, 7, '2023-08-03', '07:08:00', '17:18:00', '0000-00-00 00:00:00', '0000-00-00 00:00:00', NULL),
(38, 8, '2023-08-03', '07:35:00', '17:32:00', '0000-00-00 00:00:00', '0000-00-00 00:00:00', NULL),
(39, 9, '2023-08-03', '07:16:00', '17:54:00', '0000-00-00 00:00:00', '0000-00-00 00:00:00', NULL),
(40, 10, '2023-08-03', '07:39:00', '17:19:00', '0000-00-00 00:00:00', '0000-00-00 00:00:00', NULL),
(41, 11, '2023-08-03', '07:09:00', '17:05:00', '0000-00-00 00:00:00', '0000-00-00 00:00:00', NULL),
(42, 12, '2023-08-03', '07:11:00', '17:17:00', '0000-00-00 00:00:00', '0000-00-00 00:00:00', NULL),
(43, 13, '2023-08-03', '07:30:00', '17:29:00', '0000-00-00 00:00:00', '0000-00-00 00:00:00', NULL),
(44, 14, '2023-08-03', '07:52:00', '17:13:00', '0000-00-00 00:00:00', '0000-00-00 00:00:00', NULL),
(45, 15, '2023-08-03', '07:45:00', '17:51:00', '0000-00-00 00:00:00', '0000-00-00 00:00:00', NULL),
(46, 1, '2023-08-04', '07:28:00', '17:20:00', '0000-00-00 00:00:00', '0000-00-00 00:00:00', NULL),
(47, 2, '2023-08-04', '07:55:00', '17:36:00', '0000-00-00 00:00:00', '0000-00-00 00:00:00', NULL),
(48, 3, '2023-08-04', '07:11:00', '17:44:00', '0000-00-00 00:00:00', '0000-00-00 00:00:00', NULL),
(49, 4, '2023-08-04', '07:28:00', '17:20:00', '0000-00-00 00:00:00', '0000-00-00 00:00:00', NULL),
(50, 5, '2023-08-04', '07:03:00', '17:39:00', '0000-00-00 00:00:00', '0000-00-00 00:00:00', NULL),
(51, 6, '2023-08-04', '07:03:00', '17:31:00', '0000-00-00 00:00:00', '0000-00-00 00:00:00', NULL),
(52, 7, '2023-08-04', '07:31:00', '17:09:00', '0000-00-00 00:00:00', '0000-00-00 00:00:00', NULL),
(53, 8, '2023-08-04', '07:06:00', '17:53:00', '0000-00-00 00:00:00', '0000-00-00 00:00:00', NULL),
(54, 9, '2023-08-04', '07:31:00', '17:31:00', '0000-00-00 00:00:00', '0000-00-00 00:00:00', NULL),
(55, 10, '2023-08-04', '07:46:00', '17:35:00', '0000-00-00 00:00:00', '0000-00-00 00:00:00', NULL),
(56, 11, '2023-08-04', '07:01:00', '17:57:00', '0000-00-00 00:00:00', '0000-00-00 00:00:00', NULL),
(57, 12, '2023-08-04', '07:36:00', '17:50:00', '0000-00-00 00:00:00', '0000-00-00 00:00:00', NULL),
(58, 13, '2023-08-04', '07:06:00', '17:42:00', '0000-00-00 00:00:00', '0000-00-00 00:00:00', NULL),
(59, 14, '2023-08-04', '07:28:00', '17:08:00', '0000-00-00 00:00:00', '0000-00-00 00:00:00', NULL),
(60, 15, '2023-08-04', '07:08:00', '17:17:00', '0000-00-00 00:00:00', '0000-00-00 00:00:00', NULL),
(61, 1, '2023-08-07', '07:44:00', '17:27:00', '0000-00-00 00:00:00', '0000-00-00 00:00:00', NULL),
(62, 2, '2023-08-07', '07:52:00', '17:07:00', '0000-00-00 00:00:00', '0000-00-00 00:00:00', NULL),
(63, 3, '2023-08-07', '07:43:00', '17:40:00', '0000-00-00 00:00:00', '0000-00-00 00:00:00', NULL),
(64, 4, '2023-08-07', '07:01:00', '17:05:00', '0000-00-00 00:00:00', '0000-00-00 00:00:00', NULL),
(65, 5, '2023-08-07', '07:09:00', '17:28:00', '0000-00-00 00:00:00', '0000-00-00 00:00:00', NULL),
(66, 6, '2023-08-07', '07:16:00', '17:54:00', '0000-00-00 00:00:00', '0000-00-00 00:00:00', NULL),
(67, 7, '2023-08-07', '07:11:00', '17:53:00', '0000-00-00 00:00:00', '0000-00-00 00:00:00', NULL),
(68, 8, '2023-08-07', '07:05:00', '17:41:00', '0000-00-00 00:00:00', '0000-00-00 00:00:00', NULL),
(69, 9, '2023-08-07', '07:12:00', '17:30:00', '0000-00-00 00:00:00', '0000-00-00 00:00:00', NULL),
(70, 10, '2023-08-07', '07:05:00', '17:55:00', '0000-00-00 00:00:00', '0000-00-00 00:00:00', NULL),
(71, 11, '2023-08-07', '07:13:00', '17:25:00', '0000-00-00 00:00:00', '0000-00-00 00:00:00', NULL),
(72, 12, '2023-08-07', '07:00:00', '17:38:00', '0000-00-00 00:00:00', '0000-00-00 00:00:00', NULL),
(73, 13, '2023-08-07', '07:33:00', '17:57:00', '0000-00-00 00:00:00', '0000-00-00 00:00:00', NULL),
(74, 14, '2023-08-07', '07:46:00', '17:17:00', '0000-00-00 00:00:00', '0000-00-00 00:00:00', NULL),
(75, 15, '2023-08-07', '07:30:00', '17:14:00', '0000-00-00 00:00:00', '0000-00-00 00:00:00', NULL),
(76, 1, '2023-08-08', '07:34:00', '17:26:00', '0000-00-00 00:00:00', '0000-00-00 00:00:00', NULL),
(77, 2, '2023-08-08', '07:20:00', '17:53:00', '0000-00-00 00:00:00', '0000-00-00 00:00:00', NULL),
(78, 3, '2023-08-08', '07:52:00', '17:18:00', '0000-00-00 00:00:00', '0000-00-00 00:00:00', NULL),
(79, 4, '2023-08-08', '07:34:00', '17:01:00', '0000-00-00 00:00:00', '0000-00-00 00:00:00', NULL),
(80, 5, '2023-08-08', '07:02:00', '17:16:00', '0000-00-00 00:00:00', '0000-00-00 00:00:00', NULL),
(81, 6, '2023-08-08', '07:25:00', '17:41:00', '0000-00-00 00:00:00', '0000-00-00 00:00:00', NULL),
(82, 7, '2023-08-08', '07:07:00', '17:22:00', '0000-00-00 00:00:00', '0000-00-00 00:00:00', NULL),
(83, 8, '2023-08-08', '07:56:00', '17:20:00', '0000-00-00 00:00:00', '0000-00-00 00:00:00', NULL),
(84, 9, '2023-08-08', '07:53:00', '17:07:00', '0000-00-00 00:00:00', '0000-00-00 00:00:00', NULL),
(85, 10, '2023-08-08', '07:28:00', '17:07:00', '0000-00-00 00:00:00', '0000-00-00 00:00:00', NULL),
(86, 11, '2023-08-08', '07:27:00', '17:35:00', '0000-00-00 00:00:00', '0000-00-00 00:00:00', NULL),
(87, 12, '2023-08-08', '07:11:00', '17:23:00', '0000-00-00 00:00:00', '0000-00-00 00:00:00', NULL),
(88, 13, '2023-08-08', '07:15:00', '17:39:00', '0000-00-00 00:00:00', '0000-00-00 00:00:00', NULL),
(89, 14, '2023-08-08', '07:01:00', '17:02:00', '0000-00-00 00:00:00', '0000-00-00 00:00:00', NULL),
(90, 15, '2023-08-08', '07:37:00', '17:24:00', '0000-00-00 00:00:00', '0000-00-00 00:00:00', NULL),
(91, 1, '2023-08-09', '07:39:00', '17:30:00', '0000-00-00 00:00:00', '0000-00-00 00:00:00', NULL),
(92, 2, '2023-08-09', '07:43:00', '17:16:00', '0000-00-00 00:00:00', '0000-00-00 00:00:00', NULL),
(93, 3, '2023-08-09', '07:04:00', '17:00:00', '0000-00-00 00:00:00', '0000-00-00 00:00:00', NULL),
(94, 4, '2023-08-09', '07:37:00', '17:53:00', '0000-00-00 00:00:00', '0000-00-00 00:00:00', NULL),
(95, 5, '2023-08-09', '07:28:00', '17:58:00', '0000-00-00 00:00:00', '0000-00-00 00:00:00', NULL),
(96, 6, '2023-08-09', '07:36:00', '17:36:00', '0000-00-00 00:00:00', '0000-00-00 00:00:00', NULL),
(97, 7, '2023-08-09', '07:58:00', '17:55:00', '0000-00-00 00:00:00', '0000-00-00 00:00:00', NULL),
(98, 8, '2023-08-09', '07:33:00', '17:18:00', '0000-00-00 00:00:00', '0000-00-00 00:00:00', NULL),
(99, 9, '2023-08-09', '07:31:00', '17:54:00', '0000-00-00 00:00:00', '0000-00-00 00:00:00', NULL),
(100, 10, '2023-08-09', '07:36:00', '17:43:00', '0000-00-00 00:00:00', '0000-00-00 00:00:00', NULL),
(101, 11, '2023-08-09', '07:01:00', '17:04:00', '0000-00-00 00:00:00', '0000-00-00 00:00:00', NULL),
(102, 12, '2023-08-09', '07:00:00', '17:02:00', '0000-00-00 00:00:00', '0000-00-00 00:00:00', NULL),
(103, 13, '2023-08-09', '07:27:00', '17:11:00', '0000-00-00 00:00:00', '0000-00-00 00:00:00', NULL),
(104, 14, '2023-08-09', '07:39:00', '17:24:00', '0000-00-00 00:00:00', '0000-00-00 00:00:00', NULL),
(105, 15, '2023-08-09', '07:50:00', '17:04:00', '0000-00-00 00:00:00', '0000-00-00 00:00:00', NULL),
(106, 1, '2023-08-10', '07:46:00', '17:16:00', '0000-00-00 00:00:00', '0000-00-00 00:00:00', NULL),
(107, 2, '2023-08-10', '07:14:00', '17:30:00', '0000-00-00 00:00:00', '0000-00-00 00:00:00', NULL),
(108, 3, '2023-08-10', '07:22:00', '17:22:00', '0000-00-00 00:00:00', '0000-00-00 00:00:00', NULL),
(109, 4, '2023-08-10', '07:36:00', '17:00:00', '0000-00-00 00:00:00', '0000-00-00 00:00:00', NULL),
(110, 5, '2023-08-10', '07:41:00', '17:21:00', '0000-00-00 00:00:00', '0000-00-00 00:00:00', NULL),
(111, 6, '2023-08-10', '07:42:00', '17:45:00', '0000-00-00 00:00:00', '0000-00-00 00:00:00', NULL),
(112, 7, '2023-08-10', '07:14:00', '17:32:00', '0000-00-00 00:00:00', '0000-00-00 00:00:00', NULL),
(113, 8, '2023-08-10', '07:39:00', '17:49:00', '0000-00-00 00:00:00', '0000-00-00 00:00:00', NULL),
(114, 9, '2023-08-10', '07:48:00', '17:30:00', '0000-00-00 00:00:00', '0000-00-00 00:00:00', NULL),
(115, 10, '2023-08-10', '07:31:00', '17:24:00', '0000-00-00 00:00:00', '0000-00-00 00:00:00', NULL),
(116, 11, '2023-08-10', '07:48:00', '17:54:00', '0000-00-00 00:00:00', '0000-00-00 00:00:00', NULL),
(117, 12, '2023-08-10', '07:25:00', '17:52:00', '0000-00-00 00:00:00', '0000-00-00 00:00:00', NULL),
(118, 13, '2023-08-10', '07:48:00', '17:07:00', '0000-00-00 00:00:00', '0000-00-00 00:00:00', NULL),
(119, 14, '2023-08-10', '07:38:00', '17:38:00', '0000-00-00 00:00:00', '0000-00-00 00:00:00', NULL),
(120, 15, '2023-08-10', '07:43:00', '17:45:00', '0000-00-00 00:00:00', '0000-00-00 00:00:00', NULL),
(121, 1, '2023-08-11', '07:56:00', '17:51:00', '0000-00-00 00:00:00', '0000-00-00 00:00:00', NULL),
(122, 2, '2023-08-11', '07:32:00', '17:57:00', '0000-00-00 00:00:00', '0000-00-00 00:00:00', NULL),
(123, 3, '2023-08-11', '07:11:00', '17:27:00', '0000-00-00 00:00:00', '0000-00-00 00:00:00', NULL),
(124, 4, '2023-08-11', '07:19:00', '17:41:00', '0000-00-00 00:00:00', '0000-00-00 00:00:00', NULL),
(125, 5, '2023-08-11', '07:23:00', '17:45:00', '0000-00-00 00:00:00', '0000-00-00 00:00:00', NULL),
(126, 6, '2023-08-11', '07:39:00', '17:08:00', '0000-00-00 00:00:00', '0000-00-00 00:00:00', NULL),
(127, 7, '2023-08-11', '07:22:00', '17:22:00', '0000-00-00 00:00:00', '0000-00-00 00:00:00', NULL),
(128, 8, '2023-08-11', '07:19:00', '17:19:00', '0000-00-00 00:00:00', '0000-00-00 00:00:00', NULL),
(129, 9, '2023-08-11', '07:41:00', '17:31:00', '0000-00-00 00:00:00', '0000-00-00 00:00:00', NULL),
(130, 10, '2023-08-11', '07:06:00', '17:16:00', '0000-00-00 00:00:00', '0000-00-00 00:00:00', NULL),
(131, 11, '2023-08-11', '07:09:00', '17:14:00', '0000-00-00 00:00:00', '0000-00-00 00:00:00', NULL),
(132, 12, '2023-08-11', '07:11:00', '17:58:00', '0000-00-00 00:00:00', '0000-00-00 00:00:00', NULL),
(133, 13, '2023-08-11', '07:17:00', '17:19:00', '0000-00-00 00:00:00', '0000-00-00 00:00:00', NULL),
(134, 14, '2023-08-11', '07:53:00', '17:09:00', '0000-00-00 00:00:00', '0000-00-00 00:00:00', NULL),
(135, 15, '2023-08-11', '07:34:00', '17:35:00', '0000-00-00 00:00:00', '0000-00-00 00:00:00', NULL),
(136, 1, '2023-08-14', '07:08:00', '17:17:00', '0000-00-00 00:00:00', '0000-00-00 00:00:00', NULL),
(137, 2, '2023-08-14', '07:45:00', '17:04:00', '0000-00-00 00:00:00', '0000-00-00 00:00:00', NULL),
(138, 3, '2023-08-14', '07:15:00', '17:15:00', '0000-00-00 00:00:00', '0000-00-00 00:00:00', NULL),
(139, 4, '2023-08-14', '07:46:00', '17:21:00', '0000-00-00 00:00:00', '0000-00-00 00:00:00', NULL),
(140, 5, '2023-08-14', '07:40:00', '17:22:00', '0000-00-00 00:00:00', '0000-00-00 00:00:00', NULL),
(141, 6, '2023-08-14', '07:11:00', '17:43:00', '0000-00-00 00:00:00', '0000-00-00 00:00:00', NULL),
(142, 7, '2023-08-14', '07:38:00', '17:20:00', '0000-00-00 00:00:00', '0000-00-00 00:00:00', NULL),
(143, 8, '2023-08-14', '07:29:00', '17:48:00', '0000-00-00 00:00:00', '0000-00-00 00:00:00', NULL),
(144, 9, '2023-08-14', '07:17:00', '17:26:00', '0000-00-00 00:00:00', '0000-00-00 00:00:00', NULL),
(145, 10, '2023-08-14', '07:52:00', '17:01:00', '0000-00-00 00:00:00', '0000-00-00 00:00:00', NULL),
(146, 11, '2023-08-14', '07:04:00', '17:36:00', '2023-09-17 06:07:43', '0000-00-00 00:00:00', '2023-09-17 13:00:00'),
(147, 12, '2023-08-14', '07:03:00', '17:03:00', '0000-00-00 00:00:00', '0000-00-00 00:00:00', NULL),
(148, 13, '2023-08-14', '07:56:00', '17:21:00', '0000-00-00 00:00:00', '0000-00-00 00:00:00', NULL),
(149, 14, '2023-08-14', '07:37:00', '17:22:00', '0000-00-00 00:00:00', '0000-00-00 00:00:00', NULL),
(150, 15, '2023-08-14', '07:22:00', '17:13:00', '0000-00-00 00:00:00', '0000-00-00 00:00:00', NULL),
(151, 1, '2023-08-15', '07:20:00', '17:40:00', '0000-00-00 00:00:00', '0000-00-00 00:00:00', NULL),
(152, 2, '2023-08-15', '07:37:00', '17:08:00', '0000-00-00 00:00:00', '0000-00-00 00:00:00', NULL),
(153, 3, '2023-08-15', '07:20:00', '17:13:00', '0000-00-00 00:00:00', '0000-00-00 00:00:00', NULL),
(154, 4, '2023-08-15', '07:49:00', '17:34:00', '2023-09-17 06:07:43', '0000-00-00 00:00:00', '2023-09-17 13:00:00'),
(155, 5, '2023-08-15', '07:54:00', '17:38:00', '0000-00-00 00:00:00', '0000-00-00 00:00:00', NULL),
(156, 6, '2023-08-15', '07:44:00', '17:13:00', '0000-00-00 00:00:00', '0000-00-00 00:00:00', NULL),
(157, 7, '2023-08-15', '07:42:00', '17:05:00', '0000-00-00 00:00:00', '0000-00-00 00:00:00', NULL),
(158, 8, '2023-08-15', '07:38:00', '17:27:00', '0000-00-00 00:00:00', '0000-00-00 00:00:00', NULL),
(159, 9, '2023-08-15', '07:05:00', '17:41:00', '0000-00-00 00:00:00', '0000-00-00 00:00:00', NULL),
(160, 10, '2023-08-15', '07:49:00', '17:52:00', '0000-00-00 00:00:00', '0000-00-00 00:00:00', NULL),
(161, 11, '2023-08-15', '07:28:00', '17:46:00', '0000-00-00 00:00:00', '0000-00-00 00:00:00', NULL),
(162, 12, '2023-08-15', '07:43:00', '17:19:00', '0000-00-00 00:00:00', '0000-00-00 00:00:00', NULL),
(163, 13, '2023-08-15', '07:26:00', '17:34:00', '0000-00-00 00:00:00', '0000-00-00 00:00:00', NULL),
(164, 14, '2023-08-15', '07:47:00', '17:26:00', '0000-00-00 00:00:00', '0000-00-00 00:00:00', NULL),
(165, 15, '2023-08-15', '07:06:00', '17:20:00', '2023-09-17 06:07:43', '0000-00-00 00:00:00', '2023-09-17 13:00:00'),
(166, 1, '2023-08-16', '07:23:00', '17:41:00', '0000-00-00 00:00:00', '0000-00-00 00:00:00', NULL),
(167, 2, '2023-08-16', '07:33:00', '17:50:00', '0000-00-00 00:00:00', '0000-00-00 00:00:00', NULL),
(168, 3, '2023-08-16', '07:15:00', '17:06:00', '0000-00-00 00:00:00', '0000-00-00 00:00:00', NULL),
(169, 4, '2023-08-16', '07:23:00', '17:12:00', '2023-09-17 06:07:43', '0000-00-00 00:00:00', '2023-09-17 13:00:00'),
(170, 5, '2023-08-16', '07:36:00', '17:35:00', '0000-00-00 00:00:00', '0000-00-00 00:00:00', NULL),
(171, 6, '2023-08-16', '07:06:00', '17:03:00', '0000-00-00 00:00:00', '0000-00-00 00:00:00', NULL),
(172, 7, '2023-08-16', '07:16:00', '17:20:00', '0000-00-00 00:00:00', '0000-00-00 00:00:00', NULL),
(173, 8, '2023-08-16', '07:12:00', '17:17:00', '0000-00-00 00:00:00', '0000-00-00 00:00:00', NULL),
(174, 9, '2023-08-16', '07:48:00', '17:03:00', '0000-00-00 00:00:00', '0000-00-00 00:00:00', NULL),
(175, 10, '2023-08-16', '07:32:00', '17:08:00', '0000-00-00 00:00:00', '0000-00-00 00:00:00', NULL),
(176, 11, '2023-08-16', '07:41:00', '17:03:00', '0000-00-00 00:00:00', '0000-00-00 00:00:00', NULL),
(177, 12, '2023-08-16', '07:05:00', '17:11:00', '0000-00-00 00:00:00', '0000-00-00 00:00:00', NULL),
(178, 13, '2023-08-16', '07:43:00', '17:08:00', '0000-00-00 00:00:00', '0000-00-00 00:00:00', NULL),
(179, 14, '2023-08-16', '07:44:00', '17:12:00', '0000-00-00 00:00:00', '0000-00-00 00:00:00', NULL),
(180, 15, '2023-08-16', '07:07:00', '17:51:00', '2023-09-17 06:07:43', '0000-00-00 00:00:00', '2023-09-17 13:00:00'),
(181, 1, '2023-08-18', '07:38:00', '17:41:00', '0000-00-00 00:00:00', '0000-00-00 00:00:00', NULL),
(182, 2, '2023-08-18', '07:25:00', '17:42:00', '0000-00-00 00:00:00', '0000-00-00 00:00:00', NULL),
(183, 3, '2023-08-18', '07:50:00', '17:23:00', '0000-00-00 00:00:00', '0000-00-00 00:00:00', NULL),
(184, 4, '2023-08-18', '07:49:00', '17:17:00', '0000-00-00 00:00:00', '0000-00-00 00:00:00', NULL),
(185, 5, '2023-08-18', '07:02:00', '17:16:00', '0000-00-00 00:00:00', '0000-00-00 00:00:00', NULL),
(186, 6, '2023-08-18', '07:10:00', '17:23:00', '0000-00-00 00:00:00', '0000-00-00 00:00:00', NULL),
(187, 7, '2023-08-18', '07:12:00', '17:54:00', '0000-00-00 00:00:00', '0000-00-00 00:00:00', NULL),
(188, 8, '2023-08-18', '07:28:00', '17:29:00', '0000-00-00 00:00:00', '0000-00-00 00:00:00', NULL),
(189, 9, '2023-08-18', '07:18:00', '17:37:00', '0000-00-00 00:00:00', '0000-00-00 00:00:00', NULL),
(190, 10, '2023-08-18', '07:48:00', '17:07:00', '0000-00-00 00:00:00', '0000-00-00 00:00:00', NULL),
(191, 11, '2023-08-18', '07:21:00', '17:54:00', '0000-00-00 00:00:00', '0000-00-00 00:00:00', NULL),
(192, 12, '2023-08-18', '07:05:00', '17:00:00', '0000-00-00 00:00:00', '0000-00-00 00:00:00', NULL),
(193, 13, '2023-08-18', '07:21:00', '17:06:00', '0000-00-00 00:00:00', '0000-00-00 00:00:00', NULL),
(194, 14, '2023-08-18', '07:35:00', '17:51:00', '0000-00-00 00:00:00', '0000-00-00 00:00:00', NULL),
(195, 15, '2023-08-18', '07:20:00', '17:45:00', '2023-09-17 06:07:43', '0000-00-00 00:00:00', '2023-09-17 13:00:00'),
(196, 1, '2023-08-21', '07:05:00', '17:36:00', '0000-00-00 00:00:00', '0000-00-00 00:00:00', NULL),
(197, 2, '2023-08-21', '07:45:00', '17:40:00', '0000-00-00 00:00:00', '0000-00-00 00:00:00', NULL),
(198, 3, '2023-08-21', '07:36:00', '17:40:00', '2023-09-17 06:07:43', '0000-00-00 00:00:00', '2023-09-17 13:00:00'),
(199, 4, '2023-08-21', '07:40:00', '17:44:00', '0000-00-00 00:00:00', '0000-00-00 00:00:00', NULL),
(200, 5, '2023-08-21', '07:25:00', '17:03:00', '0000-00-00 00:00:00', '0000-00-00 00:00:00', NULL),
(201, 6, '2023-08-21', '07:32:00', '17:42:00', '0000-00-00 00:00:00', '0000-00-00 00:00:00', NULL),
(202, 7, '2023-08-21', '07:07:00', '17:27:00', '0000-00-00 00:00:00', '0000-00-00 00:00:00', NULL),
(203, 8, '2023-08-21', '07:47:00', '17:20:00', '0000-00-00 00:00:00', '0000-00-00 00:00:00', NULL),
(204, 9, '2023-08-21', '07:46:00', '17:30:00', '2023-09-17 06:07:43', '0000-00-00 00:00:00', '2023-09-17 13:00:00'),
(205, 10, '2023-08-21', '07:13:00', '17:40:00', '0000-00-00 00:00:00', '0000-00-00 00:00:00', NULL),
(206, 11, '2023-08-21', '07:40:00', '17:01:00', '0000-00-00 00:00:00', '0000-00-00 00:00:00', NULL),
(207, 12, '2023-08-21', '07:06:00', '17:23:00', '0000-00-00 00:00:00', '0000-00-00 00:00:00', NULL),
(208, 13, '2023-08-21', '07:31:00', '17:35:00', '0000-00-00 00:00:00', '0000-00-00 00:00:00', NULL),
(209, 14, '2023-08-21', '07:44:00', '17:16:00', '0000-00-00 00:00:00', '0000-00-00 00:00:00', NULL),
(210, 15, '2023-08-21', '07:05:00', '17:47:00', '0000-00-00 00:00:00', '0000-00-00 00:00:00', NULL),
(211, 1, '2023-08-22', '07:00:00', '17:27:00', '0000-00-00 00:00:00', '0000-00-00 00:00:00', NULL),
(212, 2, '2023-08-22', '07:09:00', '17:55:00', '0000-00-00 00:00:00', '0000-00-00 00:00:00', NULL),
(213, 3, '2023-08-22', '07:48:00', '17:48:00', '0000-00-00 00:00:00', '0000-00-00 00:00:00', NULL),
(214, 4, '2023-08-22', '07:10:00', '17:17:00', '0000-00-00 00:00:00', '0000-00-00 00:00:00', NULL),
(215, 5, '2023-08-22', '07:28:00', '17:30:00', '0000-00-00 00:00:00', '0000-00-00 00:00:00', NULL),
(216, 6, '2023-08-22', '07:48:00', '17:38:00', '0000-00-00 00:00:00', '0000-00-00 00:00:00', NULL),
(217, 7, '2023-08-22', '07:42:00', '17:44:00', '0000-00-00 00:00:00', '0000-00-00 00:00:00', NULL),
(218, 8, '2023-08-22', '07:08:00', '17:41:00', '0000-00-00 00:00:00', '0000-00-00 00:00:00', NULL),
(219, 9, '2023-08-22', '07:49:00', '17:39:00', '0000-00-00 00:00:00', '0000-00-00 00:00:00', NULL),
(220, 10, '2023-08-22', '07:41:00', '17:33:00', '0000-00-00 00:00:00', '0000-00-00 00:00:00', NULL),
(221, 11, '2023-08-22', '07:47:00', '17:36:00', '0000-00-00 00:00:00', '0000-00-00 00:00:00', NULL),
(222, 12, '2023-08-22', '07:00:00', '17:50:00', '0000-00-00 00:00:00', '0000-00-00 00:00:00', NULL),
(223, 13, '2023-08-22', '07:27:00', '17:34:00', '0000-00-00 00:00:00', '0000-00-00 00:00:00', NULL),
(224, 14, '2023-08-22', '07:17:00', '17:48:00', '0000-00-00 00:00:00', '0000-00-00 00:00:00', NULL),
(225, 15, '2023-08-22', '07:20:00', '17:35:00', '0000-00-00 00:00:00', '0000-00-00 00:00:00', NULL),
(226, 1, '2023-08-23', '07:43:00', '17:52:00', '0000-00-00 00:00:00', '0000-00-00 00:00:00', NULL),
(227, 2, '2023-08-23', '07:51:00', '17:01:00', '0000-00-00 00:00:00', '0000-00-00 00:00:00', NULL),
(228, 3, '2023-08-23', '07:29:00', '17:47:00', '0000-00-00 00:00:00', '0000-00-00 00:00:00', NULL),
(229, 4, '2023-08-23', '07:45:00', '17:19:00', '0000-00-00 00:00:00', '0000-00-00 00:00:00', NULL),
(230, 5, '2023-08-23', '07:57:00', '17:27:00', '0000-00-00 00:00:00', '0000-00-00 00:00:00', NULL),
(231, 6, '2023-08-23', '07:53:00', '17:36:00', '0000-00-00 00:00:00', '0000-00-00 00:00:00', NULL),
(232, 7, '2023-08-23', '07:47:00', '17:22:00', '0000-00-00 00:00:00', '0000-00-00 00:00:00', NULL),
(233, 8, '2023-08-23', '07:08:00', '17:07:00', '0000-00-00 00:00:00', '0000-00-00 00:00:00', NULL),
(234, 9, '2023-08-23', '07:15:00', '17:43:00', '0000-00-00 00:00:00', '0000-00-00 00:00:00', NULL),
(235, 10, '2023-08-23', '07:11:00', '17:39:00', '0000-00-00 00:00:00', '0000-00-00 00:00:00', NULL),
(236, 11, '2023-08-23', '07:48:00', '17:50:00', '0000-00-00 00:00:00', '0000-00-00 00:00:00', NULL),
(237, 12, '2023-08-23', '07:39:00', '17:56:00', '0000-00-00 00:00:00', '0000-00-00 00:00:00', NULL),
(238, 13, '2023-08-23', '07:40:00', '17:01:00', '0000-00-00 00:00:00', '0000-00-00 00:00:00', NULL),
(239, 14, '2023-08-23', '07:38:00', '17:09:00', '0000-00-00 00:00:00', '0000-00-00 00:00:00', NULL),
(240, 15, '2023-08-23', '07:36:00', '17:29:00', '0000-00-00 00:00:00', '0000-00-00 00:00:00', NULL),
(241, 1, '2023-08-24', '07:43:00', '17:13:00', '0000-00-00 00:00:00', '0000-00-00 00:00:00', NULL),
(242, 2, '2023-08-24', '07:57:00', '17:32:00', '0000-00-00 00:00:00', '0000-00-00 00:00:00', NULL),
(243, 3, '2023-08-24', '07:29:00', '17:55:00', '0000-00-00 00:00:00', '0000-00-00 00:00:00', NULL),
(244, 4, '2023-08-24', '07:18:00', '17:03:00', '0000-00-00 00:00:00', '0000-00-00 00:00:00', NULL),
(245, 5, '2023-08-24', '07:07:00', '17:13:00', '0000-00-00 00:00:00', '0000-00-00 00:00:00', NULL),
(246, 6, '2023-08-24', '07:37:00', '17:40:00', '0000-00-00 00:00:00', '0000-00-00 00:00:00', NULL),
(247, 7, '2023-08-24', '07:07:00', '17:50:00', '0000-00-00 00:00:00', '0000-00-00 00:00:00', NULL),
(248, 8, '2023-08-24', '07:55:00', '17:04:00', '0000-00-00 00:00:00', '0000-00-00 00:00:00', NULL),
(249, 9, '2023-08-24', '07:08:00', '17:42:00', '0000-00-00 00:00:00', '0000-00-00 00:00:00', NULL),
(250, 10, '2023-08-24', '07:48:00', '17:06:00', '0000-00-00 00:00:00', '0000-00-00 00:00:00', NULL),
(251, 11, '2023-08-24', '07:16:00', '17:32:00', '0000-00-00 00:00:00', '0000-00-00 00:00:00', NULL),
(252, 12, '2023-08-24', '07:02:00', '17:58:00', '0000-00-00 00:00:00', '0000-00-00 00:00:00', NULL),
(253, 13, '2023-08-24', '07:19:00', '17:38:00', '0000-00-00 00:00:00', '0000-00-00 00:00:00', NULL),
(254, 14, '2023-08-24', '07:33:00', '17:08:00', '0000-00-00 00:00:00', '0000-00-00 00:00:00', NULL),
(255, 15, '2023-08-24', '07:29:00', '17:13:00', '0000-00-00 00:00:00', '0000-00-00 00:00:00', NULL),
(256, 1, '2023-08-25', '07:09:00', '17:55:00', '0000-00-00 00:00:00', '0000-00-00 00:00:00', NULL),
(257, 2, '2023-08-25', '07:14:00', '17:32:00', '0000-00-00 00:00:00', '0000-00-00 00:00:00', NULL),
(258, 3, '2023-08-25', '07:29:00', '17:51:00', '0000-00-00 00:00:00', '0000-00-00 00:00:00', NULL),
(259, 4, '2023-08-25', '07:34:00', '17:43:00', '0000-00-00 00:00:00', '0000-00-00 00:00:00', NULL),
(260, 5, '2023-08-25', '07:30:00', '17:15:00', '0000-00-00 00:00:00', '0000-00-00 00:00:00', NULL),
(261, 6, '2023-08-25', '07:39:00', '17:11:00', '0000-00-00 00:00:00', '0000-00-00 00:00:00', NULL),
(262, 7, '2023-08-25', '07:30:00', '17:25:00', '0000-00-00 00:00:00', '0000-00-00 00:00:00', NULL),
(263, 8, '2023-08-25', '07:34:00', '17:29:00', '0000-00-00 00:00:00', '0000-00-00 00:00:00', NULL),
(264, 9, '2023-08-25', '07:25:00', '17:00:00', '0000-00-00 00:00:00', '0000-00-00 00:00:00', NULL),
(265, 10, '2023-08-25', '07:54:00', '17:01:00', '0000-00-00 00:00:00', '0000-00-00 00:00:00', NULL),
(266, 11, '2023-08-25', '07:41:00', '17:26:00', '0000-00-00 00:00:00', '0000-00-00 00:00:00', NULL),
(267, 12, '2023-08-25', '07:22:00', '17:27:00', '0000-00-00 00:00:00', '0000-00-00 00:00:00', NULL),
(268, 13, '2023-08-25', '07:21:00', '17:37:00', '0000-00-00 00:00:00', '0000-00-00 00:00:00', NULL),
(269, 14, '2023-08-25', '07:39:00', '17:27:00', '0000-00-00 00:00:00', '0000-00-00 00:00:00', NULL),
(270, 15, '2023-08-25', '07:13:00', '17:51:00', '0000-00-00 00:00:00', '0000-00-00 00:00:00', NULL),
(271, 1, '2023-08-26', '07:53:00', '17:03:00', '0000-00-00 00:00:00', '0000-00-00 00:00:00', NULL),
(272, 2, '2023-08-26', '07:13:00', '17:12:00', '0000-00-00 00:00:00', '0000-00-00 00:00:00', NULL),
(273, 3, '2023-08-26', '07:10:00', '17:08:00', '0000-00-00 00:00:00', '0000-00-00 00:00:00', NULL),
(274, 1, '2023-08-28', '07:50:00', '17:29:00', '0000-00-00 00:00:00', '0000-00-00 00:00:00', NULL),
(275, 2, '2023-08-28', '07:01:00', '17:33:00', '0000-00-00 00:00:00', '0000-00-00 00:00:00', NULL),
(276, 3, '2023-08-28', '07:21:00', '17:31:00', '0000-00-00 00:00:00', '0000-00-00 00:00:00', NULL),
(277, 4, '2023-08-28', '07:34:00', '17:14:00', '0000-00-00 00:00:00', '0000-00-00 00:00:00', NULL),
(278, 5, '2023-08-28', '07:50:00', '17:16:00', '0000-00-00 00:00:00', '0000-00-00 00:00:00', NULL),
(279, 6, '2023-08-28', '07:29:00', '17:07:00', '0000-00-00 00:00:00', '0000-00-00 00:00:00', NULL),
(280, 7, '2023-08-28', '07:10:00', '17:55:00', '0000-00-00 00:00:00', '0000-00-00 00:00:00', NULL),
(281, 8, '2023-08-28', '07:21:00', '17:00:00', '0000-00-00 00:00:00', '0000-00-00 00:00:00', NULL),
(282, 9, '2023-08-28', '07:14:00', '17:43:00', '0000-00-00 00:00:00', '0000-00-00 00:00:00', NULL),
(283, 10, '2023-08-28', '07:50:00', '17:54:00', '0000-00-00 00:00:00', '0000-00-00 00:00:00', NULL),
(284, 11, '2023-08-28', '07:15:00', '17:32:00', '0000-00-00 00:00:00', '0000-00-00 00:00:00', NULL),
(285, 12, '2023-08-28', '07:46:00', '17:43:00', '0000-00-00 00:00:00', '0000-00-00 00:00:00', NULL),
(286, 13, '2023-08-28', '07:08:00', '17:41:00', '0000-00-00 00:00:00', '0000-00-00 00:00:00', NULL),
(287, 14, '2023-08-28', '07:20:00', '17:23:00', '0000-00-00 00:00:00', '0000-00-00 00:00:00', NULL),
(288, 15, '2023-08-28', '07:27:00', '17:24:00', '0000-00-00 00:00:00', '0000-00-00 00:00:00', NULL),
(289, 1, '2023-08-29', '07:02:00', '17:57:00', '0000-00-00 00:00:00', '0000-00-00 00:00:00', NULL),
(290, 2, '2023-08-29', '07:54:00', '17:10:00', '0000-00-00 00:00:00', '0000-00-00 00:00:00', NULL),
(291, 3, '2023-08-29', '07:25:00', '17:40:00', '0000-00-00 00:00:00', '0000-00-00 00:00:00', NULL),
(292, 4, '2023-08-29', '07:11:00', '17:26:00', '0000-00-00 00:00:00', '0000-00-00 00:00:00', NULL),
(293, 5, '2023-08-29', '07:17:00', '17:42:00', '0000-00-00 00:00:00', '0000-00-00 00:00:00', NULL),
(294, 6, '2023-08-29', '07:55:00', '17:18:00', '0000-00-00 00:00:00', '0000-00-00 00:00:00', NULL),
(295, 7, '2023-08-29', '07:10:00', '17:26:00', '0000-00-00 00:00:00', '0000-00-00 00:00:00', NULL),
(296, 8, '2023-08-29', '07:40:00', '17:00:00', '0000-00-00 00:00:00', '0000-00-00 00:00:00', NULL),
(297, 9, '2023-08-29', '07:52:00', '17:25:00', '0000-00-00 00:00:00', '0000-00-00 00:00:00', NULL),
(298, 10, '2023-08-29', '07:35:00', '17:57:00', '0000-00-00 00:00:00', '0000-00-00 00:00:00', NULL),
(299, 11, '2023-08-29', '07:32:00', '17:13:00', '0000-00-00 00:00:00', '0000-00-00 00:00:00', NULL),
(300, 12, '2023-08-29', '07:56:00', '17:15:00', '0000-00-00 00:00:00', '0000-00-00 00:00:00', NULL),
(301, 13, '2023-08-29', '07:06:00', '17:56:00', '0000-00-00 00:00:00', '0000-00-00 00:00:00', NULL),
(302, 14, '2023-08-29', '07:24:00', '17:25:00', '0000-00-00 00:00:00', '0000-00-00 00:00:00', NULL),
(303, 15, '2023-08-29', '07:30:00', '17:40:00', '0000-00-00 00:00:00', '0000-00-00 00:00:00', NULL),
(304, 1, '2023-08-30', '07:23:00', '17:53:00', '0000-00-00 00:00:00', '0000-00-00 00:00:00', NULL),
(305, 2, '2023-08-30', '07:02:00', '17:29:00', '0000-00-00 00:00:00', '0000-00-00 00:00:00', NULL),
(306, 3, '2023-08-30', '07:52:00', '17:06:00', '0000-00-00 00:00:00', '0000-00-00 00:00:00', NULL),
(307, 4, '2023-08-30', '07:30:00', '17:10:00', '0000-00-00 00:00:00', '0000-00-00 00:00:00', NULL),
(308, 5, '2023-08-30', '07:54:00', '17:50:00', '0000-00-00 00:00:00', '0000-00-00 00:00:00', NULL),
(309, 6, '2023-08-30', '07:44:00', '17:05:00', '0000-00-00 00:00:00', '0000-00-00 00:00:00', NULL),
(310, 7, '2023-08-30', '07:32:00', '17:26:00', '0000-00-00 00:00:00', '0000-00-00 00:00:00', NULL),
(311, 8, '2023-08-30', '07:38:00', '17:33:00', '0000-00-00 00:00:00', '0000-00-00 00:00:00', NULL),
(312, 9, '2023-08-30', '07:37:00', '17:28:00', '0000-00-00 00:00:00', '0000-00-00 00:00:00', NULL),
(313, 10, '2023-08-30', '07:19:00', '17:27:00', '0000-00-00 00:00:00', '0000-00-00 00:00:00', NULL),
(314, 11, '2023-08-30', '07:10:00', '17:02:00', '0000-00-00 00:00:00', '0000-00-00 00:00:00', NULL),
(315, 12, '2023-08-30', '07:12:00', '17:07:00', '0000-00-00 00:00:00', '0000-00-00 00:00:00', NULL),
(316, 13, '2023-08-30', '07:26:00', '17:46:00', '0000-00-00 00:00:00', '0000-00-00 00:00:00', NULL),
(317, 14, '2023-08-30', '07:14:00', '17:31:00', '0000-00-00 00:00:00', '0000-00-00 00:00:00', NULL),
(318, 15, '2023-08-30', '07:52:00', '17:26:00', '0000-00-00 00:00:00', '0000-00-00 00:00:00', NULL),
(319, 1, '2023-08-31', '07:28:00', '17:26:00', '0000-00-00 00:00:00', '0000-00-00 00:00:00', NULL),
(320, 2, '2023-08-31', '07:45:00', '17:04:00', '0000-00-00 00:00:00', '0000-00-00 00:00:00', NULL),
(321, 3, '2023-08-31', '07:44:00', '17:58:00', '0000-00-00 00:00:00', '0000-00-00 00:00:00', NULL),
(322, 4, '2023-08-31', '07:21:00', '17:20:00', '0000-00-00 00:00:00', '0000-00-00 00:00:00', NULL),
(323, 5, '2023-08-31', '07:38:00', '17:26:00', '0000-00-00 00:00:00', '0000-00-00 00:00:00', NULL),
(324, 6, '2023-08-31', '07:14:00', '17:02:00', '0000-00-00 00:00:00', '0000-00-00 00:00:00', NULL),
(325, 7, '2023-08-31', '07:21:00', '17:30:00', '0000-00-00 00:00:00', '0000-00-00 00:00:00', NULL),
(326, 8, '2023-08-31', '07:42:00', '17:34:00', '0000-00-00 00:00:00', '0000-00-00 00:00:00', NULL),
(327, 9, '2023-08-31', '07:33:00', '17:11:00', '0000-00-00 00:00:00', '0000-00-00 00:00:00', NULL),
(328, 10, '2023-08-31', '07:38:00', '17:56:00', '0000-00-00 00:00:00', '0000-00-00 00:00:00', NULL),
(329, 11, '2023-08-31', '07:34:00', '17:43:00', '0000-00-00 00:00:00', '0000-00-00 00:00:00', NULL),
(330, 12, '2023-08-31', '07:14:00', '17:53:00', '0000-00-00 00:00:00', '0000-00-00 00:00:00', NULL),
(331, 13, '2023-08-31', '07:45:00', '17:19:00', '0000-00-00 00:00:00', '0000-00-00 00:00:00', NULL),
(332, 14, '2023-08-31', '07:12:00', '17:03:00', '0000-00-00 00:00:00', '0000-00-00 00:00:00', NULL),
(333, 15, '2023-08-31', '07:30:00', '17:42:00', '0000-00-00 00:00:00', '0000-00-00 00:00:00', NULL);

-- --------------------------------------------------------

--
-- Table structure for table `failed_jobs`
--

CREATE TABLE `failed_jobs` (
  `id` bigint UNSIGNED NOT NULL,
  `uuid` varchar(255) CHARACTER SET utf8mb4 COLLATE utf8mb4_unicode_ci NOT NULL,
  `connection` text CHARACTER SET utf8mb4 COLLATE utf8mb4_unicode_ci NOT NULL,
  `queue` text CHARACTER SET utf8mb4 COLLATE utf8mb4_unicode_ci NOT NULL,
  `payload` longtext CHARACTER SET utf8mb4 COLLATE utf8mb4_unicode_ci NOT NULL,
  `exception` longtext CHARACTER SET utf8mb4 COLLATE utf8mb4_unicode_ci NOT NULL,
  `failed_at` timestamp NOT NULL DEFAULT CURRENT_TIMESTAMP
) ENGINE=InnoDB DEFAULT CHARSET=utf8mb4 COLLATE=utf8mb4_unicode_ci;

-- --------------------------------------------------------

--
-- Table structure for table `izin`
--

CREATE TABLE `izin` (
  `id` int NOT NULL,
  `user_id` int NOT NULL,
  `date` date NOT NULL,
  `date_from` date NOT NULL,
  `date_to` date NOT NULL,
  `duration` int NOT NULL,
  `notes` varchar(256) NOT NULL,
  `type` tinyint NOT NULL,
  `created_at` timestamp NOT NULL DEFAULT CURRENT_TIMESTAMP ON UPDATE CURRENT_TIMESTAMP,
  `updated_at` datetime DEFAULT NULL,
  `deleted_at` datetime DEFAULT NULL
) ENGINE=InnoDB DEFAULT CHARSET=utf8mb4 COLLATE=utf8mb4_0900_ai_ci;

--
-- Dumping data for table `izin`
--

INSERT INTO `izin` (`id`, `user_id`, `date`, `date_from`, `date_to`, `duration`, `notes`, `type`, `created_at`, `updated_at`, `deleted_at`) VALUES
(1, 15, '2023-08-01', '2023-08-15', '2023-08-18', 3, 'Cuti', 1, '2023-09-18 12:47:07', '2023-09-18 12:47:07', '2023-09-18 12:47:07'),
(2, 3, '2023-08-04', '2023-08-21', '2023-08-21', 1, 'Cuti', 0, '2023-09-18 12:47:30', '2023-09-18 12:47:30', '2023-09-18 12:47:30'),
(3, 11, '2023-08-07', '2023-08-14', '2023-08-14', 1, 'Cuti', 0, '2023-09-17 06:08:39', '2023-09-17 00:00:00', NULL),
(4, 4, '2023-08-07', '2023-08-15', '2023-08-16', 2, 'Cuti', 1, '2023-09-17 06:08:44', '2023-09-17 00:00:00', NULL),
(5, 9, '2023-08-14', '2023-08-21', '2023-08-21', 1, 'Cuti', 1, '2023-09-17 06:08:47', '2023-09-17 00:00:00', NULL),
(6, 1, '2023-09-17', '2023-09-17', '2023-09-19', 2, 'Keluar kota', 1, '2023-09-17 02:49:12', '2023-09-17 09:49:12', NULL),
(7, 15, '2023-09-15', '2023-09-22', '2023-09-22', 1, 'Acara keluarga 1', 0, '2023-09-17 11:40:38', '2023-09-17 11:40:38', '2023-09-17 11:40:38');

-- --------------------------------------------------------

--
-- Table structure for table `lembur`
--

CREATE TABLE `lembur` (
  `id` int NOT NULL,
  `user_id` int NOT NULL,
  `date` date NOT NULL,
  `time_start` time NOT NULL,
  `time_end` time NOT NULL,
  `duration` int NOT NULL,
  `notes` varchar(256) NOT NULL,
  `created_at` timestamp NOT NULL DEFAULT CURRENT_TIMESTAMP ON UPDATE CURRENT_TIMESTAMP,
  `updated_at` datetime DEFAULT NULL,
  `deleted_at` datetime DEFAULT NULL
) ENGINE=InnoDB DEFAULT CHARSET=utf8mb4 COLLATE=utf8mb4_0900_ai_ci;

--
-- Dumping data for table `lembur`
--

INSERT INTO `lembur` (`id`, `user_id`, `date`, `time_start`, `time_end`, `duration`, `notes`, `created_at`, `updated_at`, `deleted_at`) VALUES
(1, 6, '2023-08-04', '17:00:00', '21:00:00', 4, 'lembur', '2023-09-17 06:08:57', '2023-09-17 00:00:00', NULL),
(2, 13, '2023-08-04', '17:00:00', '23:00:00', 6, 'lembur', '2023-09-18 15:47:46', '2023-09-18 15:47:46', '2023-09-18 15:47:46'),
(3, 3, '2023-08-09', '17:00:00', '21:00:00', 4, 'lembur', '2023-09-17 06:09:04', '2023-09-17 00:00:00', NULL),
(4, 9, '2023-08-11', '17:00:00', '22:00:00', 5, 'lembur nn', '2023-09-18 15:47:27', '2023-09-18 15:47:27', '2023-09-18 15:47:27'),
(5, 14, '2023-08-16', '17:00:00', '23:00:00', 6, 'lembur', '2023-09-17 06:09:07', '2023-09-17 00:00:00', NULL),
(6, 2, '2023-09-12', '22:40:00', '23:40:00', 1, 'Lembur kerja qqq', '2023-09-18 15:47:36', '2023-09-18 15:47:36', '2023-09-18 15:47:36');

-- --------------------------------------------------------

--
-- Table structure for table `migrations`
--

CREATE TABLE `migrations` (
  `id` int UNSIGNED NOT NULL,
  `migration` varchar(255) CHARACTER SET utf8mb4 COLLATE utf8mb4_unicode_ci NOT NULL,
  `batch` int NOT NULL
) ENGINE=InnoDB DEFAULT CHARSET=utf8mb4 COLLATE=utf8mb4_unicode_ci;

--
-- Dumping data for table `migrations`
--

INSERT INTO `migrations` (`id`, `migration`, `batch`) VALUES
(1, '2014_10_12_000000_create_users_table', 1),
(2, '2014_10_12_100000_create_password_resets_table', 1),
(3, '2019_08_19_000000_create_failed_jobs_table', 1),
(4, '2019_12_14_000001_create_personal_access_tokens_table', 1);

-- --------------------------------------------------------

--
-- Table structure for table `password_resets`
--

CREATE TABLE `password_resets` (
  `email` varchar(255) CHARACTER SET utf8mb4 COLLATE utf8mb4_unicode_ci NOT NULL,
  `token` varchar(255) CHARACTER SET utf8mb4 COLLATE utf8mb4_unicode_ci NOT NULL,
  `created_at` timestamp NULL DEFAULT NULL
) ENGINE=InnoDB DEFAULT CHARSET=utf8mb4 COLLATE=utf8mb4_unicode_ci;

-- --------------------------------------------------------

--
-- Table structure for table `penggajian`
--

CREATE TABLE `penggajian` (
  `id` int NOT NULL,
  `user_id` int NOT NULL,
  `date` varchar(100) DEFAULT NULL,
  `paid_amount` int NOT NULL,
  `work_paid` int DEFAULT NULL,
  `izin_duration` int DEFAULT NULL,
  `izin_charge` int DEFAULT NULL,
  `overtime_duration` int DEFAULT NULL,
  `overtime_paid` int DEFAULT NULL,
  `tunjangan` int DEFAULT NULL,
  `bpjs` int DEFAULT NULL,
  `intensif` int DEFAULT NULL,
  `status` int NOT NULL,
  `created_at` timestamp NOT NULL DEFAULT CURRENT_TIMESTAMP ON UPDATE CURRENT_TIMESTAMP,
  `updated_at` datetime DEFAULT NULL,
  `deleted_at` datetime DEFAULT NULL
) ENGINE=InnoDB DEFAULT CHARSET=utf8mb4 COLLATE=utf8mb4_0900_ai_ci;

--
-- Dumping data for table `penggajian`
--

INSERT INTO `penggajian` (`id`, `user_id`, `date`, `paid_amount`, `work_paid`, `izin_duration`, `izin_charge`, `overtime_duration`, `overtime_paid`, `tunjangan`, `bpjs`, `intensif`, `status`, `created_at`, `updated_at`, `deleted_at`) VALUES
(1, 1, '2023-08', 7045400, 5520000, 0, 0, 0, 0, 300000, 174600, 1400000, 1, '2023-09-18 14:21:16', '2023-09-18 14:21:16', NULL),
(2, 2, '2023-08', 5499900, 5520000, 0, 0, 0, 0, 150000, 170100, 0, 0, '2023-09-17 05:32:17', '2023-09-17 12:32:17', NULL),
(3, 3, '2023-08', 4487210, 4520000, 1, 150667, 4, 107977, 150000, 140100, 0, 0, '2023-09-17 05:32:17', '2023-09-17 12:32:17', NULL),
(4, 4, '2023-08', 5875400, 4520000, 0, 0, 0, 0, 300000, 144600, 1200000, 0, '2023-09-17 05:32:17', '2023-09-17 12:32:17', NULL),
(5, 5, '2023-08', 5520000, 5520000, 0, 0, 0, 0, 0, 0, 0, 0, '2023-09-17 05:32:17', '2023-09-17 12:32:17', NULL),
(6, 6, '2023-08', 4637877, 4520000, 0, 0, 4, 107977, 150000, 140100, 0, 0, '2023-09-17 05:32:17', '2023-09-17 12:32:17', NULL),
(7, 7, '2023-08', 4670000, 4520000, 0, 0, 0, 0, 150000, 0, 0, 0, '2023-09-17 05:32:17', '2023-09-17 12:32:17', NULL),
(8, 8, '2023-08', 4520000, 4520000, 0, 0, 0, 0, 0, 0, 0, 0, '2023-09-17 05:32:17', '2023-09-17 12:32:17', NULL),
(9, 9, '2023-08', 7147250, 5520000, 0, 0, 6, 201850, 300000, 174600, 1300000, 0, '2023-09-17 05:32:17', '2023-09-17 12:32:17', NULL),
(10, 10, '2023-08', 5520000, 5520000, 0, 0, 0, 0, 0, 0, 0, 0, '2023-09-17 05:32:17', '2023-09-17 12:32:17', NULL),
(11, 11, '2023-08', 5486000, 5520000, 1, 184000, 0, 0, 150000, 0, 0, 0, '2023-09-17 05:32:17', '2023-09-17 12:32:17', NULL),
(12, 12, '2023-08', 4520000, 4520000, 0, 0, 0, 0, 0, 0, 0, 0, '2023-09-17 05:32:17', '2023-09-17 12:32:17', NULL),
(13, 13, '2023-08', 8230776, 6520000, 0, 0, 8, 315376, 300000, 204600, 1300000, 0, '2023-09-17 05:32:17', '2023-09-17 12:32:17', NULL),
(14, 14, '2023-08', 4885954, 4520000, 0, 0, 8, 215954, 150000, 0, 0, 0, '2023-09-17 05:32:17', '2023-09-17 12:32:17', NULL),
(15, 15, '2023-08', 7045400, 5520000, 0, 0, 0, 0, 300000, 174600, 1400000, 0, '2023-09-17 05:32:17', '2023-09-17 12:32:17', NULL);

-- --------------------------------------------------------

--
-- Table structure for table `personal_access_tokens`
--

CREATE TABLE `personal_access_tokens` (
  `id` bigint UNSIGNED NOT NULL,
  `tokenable_type` varchar(255) CHARACTER SET utf8mb4 COLLATE utf8mb4_unicode_ci NOT NULL,
  `tokenable_id` bigint UNSIGNED NOT NULL,
  `name` varchar(255) CHARACTER SET utf8mb4 COLLATE utf8mb4_unicode_ci NOT NULL,
  `token` varchar(64) CHARACTER SET utf8mb4 COLLATE utf8mb4_unicode_ci NOT NULL,
  `abilities` text CHARACTER SET utf8mb4 COLLATE utf8mb4_unicode_ci,
  `last_used_at` timestamp NULL DEFAULT NULL,
  `created_at` timestamp NULL DEFAULT NULL,
  `updated_at` timestamp NULL DEFAULT NULL
) ENGINE=InnoDB DEFAULT CHARSET=utf8mb4 COLLATE=utf8mb4_unicode_ci;

-- --------------------------------------------------------

--
-- Table structure for table `users`
--

CREATE TABLE `users` (
  `id` bigint UNSIGNED NOT NULL,
  `name` varchar(255) CHARACTER SET utf8mb4 COLLATE utf8mb4_unicode_ci NOT NULL,
  `email` varchar(255) CHARACTER SET utf8mb4 COLLATE utf8mb4_unicode_ci NOT NULL,
  `email_verified_at` timestamp NULL DEFAULT NULL,
  `password` varchar(255) CHARACTER SET utf8mb4 COLLATE utf8mb4_unicode_ci NOT NULL,
  `remember_token` varchar(100) CHARACTER SET utf8mb4 COLLATE utf8mb4_unicode_ci DEFAULT NULL,
  `place_birth` varchar(100) CHARACTER SET utf8mb4 COLLATE utf8mb4_unicode_ci DEFAULT NULL,
  `date_birth` date DEFAULT NULL,
  `gender` tinyint NOT NULL,
  `position` varchar(50) CHARACTER SET utf8mb4 COLLATE utf8mb4_unicode_ci NOT NULL,
  `status` tinyint NOT NULL,
  `basic_salary` int NOT NULL,
  `subsidi` int DEFAULT NULL,
  `date_join` date NOT NULL,
  `bpjs` tinyint DEFAULT NULL,
  `cuti_count` int DEFAULT NULL,
  `created_at` timestamp NULL DEFAULT NULL,
  `updated_at` timestamp NULL DEFAULT NULL,
  `deleted_at` datetime DEFAULT NULL
) ENGINE=InnoDB DEFAULT CHARSET=utf8mb4 COLLATE=utf8mb4_unicode_ci;

--
-- Dumping data for table `users`
--

INSERT INTO `users` (`id`, `name`, `email`, `email_verified_at`, `password`, `remember_token`, `place_birth`, `date_birth`, `gender`, `position`, `status`, `basic_salary`, `subsidi`, `date_join`, `bpjs`, `cuti_count`, `created_at`, `updated_at`, `deleted_at`) VALUES
(1, 'Candra Pramudya', 'candrapramudya@gmail.com', '0000-00-00 00:00:00', '$2y$10$ACGv8ACGXs5aPHEtZlw0AO3BImtR8tcmFQdfJk16C0LNmhMzs.MEG', NULL, 'Gresik', '1987-10-03', 0, 'Staff Payroll', 0, 5520000, 300000, '2019-04-06', 1, 10, '2023-09-16 17:00:00', '2023-09-16 17:00:00', NULL),
(2, 'Rizky Aditya Maulana', 'rizkyadityamaulana@gmail.com', '0000-00-00 00:00:00', '$2y$10$ACGv8ACGXs5aPHEtZlw0AO3BImtR8tcmFQdfJk16C0LNmhMzs.MEG', NULL, 'Gresik', '1994-01-08', 0, 'Staff', 1, 5520000, 150000, '2022-11-26', 1, 0, '2023-09-16 17:00:00', '2023-09-16 17:00:00', NULL),
(3, 'Cantika Anggraeni', 'cantikaanggraeni@gmail.com', '0000-00-00 00:00:00', '$2y$10$ACGv8ACGXs5aPHEtZlw0AO3BImtR8tcmFQdfJk16C0LNmhMzs.MEG', NULL, 'Gresik', '1999-12-28', 1, 'Staff', 1, 4520000, 150000, '2023-04-21', 1, 0, '2023-09-16 17:00:00', '2023-09-16 17:00:00', NULL),
(4, 'Nadya Wulandari', 'nadyawulandari@gmail.com', '0000-00-00 00:00:00', '$2y$10$ACGv8ACGXs5aPHEtZlw0AO3BImtR8tcmFQdfJk16C0LNmhMzs.MEG', NULL, 'Gresik', '1994-07-13', 1, 'Staff', 0, 4520000, 300000, '2021-08-30', 1, 8, '2023-09-16 17:00:00', '2023-09-16 17:00:00', NULL),
(5, 'Robi Mauli Permana', 'robimaulipermana@gmail.com', '0000-00-00 00:00:00', '$2y$10$ACGv8ACGXs5aPHEtZlw0AO3BImtR8tcmFQdfJk16C0LNmhMzs.MEG', NULL, 'Gresik', '1981-09-03', 0, 'Staff', 2, 5520000, 0, '2022-09-10', 0, 0, '2023-09-16 17:00:00', '2023-09-16 17:00:00', NULL),
(6, 'Premata Renata', 'prematarenata@gmail.com', '0000-00-00 00:00:00', '$2y$10$ACGv8ACGXs5aPHEtZlw0AO3BImtR8tcmFQdfJk16C0LNmhMzs.MEG', NULL, 'Gresik', '1996-02-12', 1, 'Staff', 1, 4520000, 150000, '2019-03-04', 1, 0, '2023-09-16 17:00:00', '2023-09-16 17:00:00', NULL),
(7, 'Audi Maudya', 'audimaudya@gmail.com', '0000-00-00 00:00:00', '$2y$10$ACGv8ACGXs5aPHEtZlw0AO3BImtR8tcmFQdfJk16C0LNmhMzs.MEG', NULL, 'Gresik', '1989-10-20', 1, 'Staff', 1, 4520000, 150000, '2021-12-12', 0, 0, '2023-09-16 17:00:00', '2023-09-16 17:00:00', NULL),
(8, 'Cika Citaria', 'cikacitaria@gmail.com', '0000-00-00 00:00:00', '$2y$10$ACGv8ACGXs5aPHEtZlw0AO3BImtR8tcmFQdfJk16C0LNmhMzs.MEG', NULL, 'Gresik', '2000-02-11', 1, 'Staff', 2, 4520000, 0, '2021-08-10', 0, 0, '2023-09-16 17:00:00', '2023-09-16 17:00:00', NULL),
(9, 'Udin Khoirul', 'udinkhoirul@gmail.com', '0000-00-00 00:00:00', '$2y$10$ACGv8ACGXs5aPHEtZlw0AO3BImtR8tcmFQdfJk16C0LNmhMzs.MEG', NULL, 'Gresik', '2000-03-08', 0, 'Staff', 0, 5520000, 300000, '2019-12-13', 1, 9, '2023-09-16 17:00:00', '2023-09-16 17:00:00', NULL),
(10, 'Krisna Mukti', 'krisnamukti@gmail.com', '0000-00-00 00:00:00', '$2y$10$ACGv8ACGXs5aPHEtZlw0AO3BImtR8tcmFQdfJk16C0LNmhMzs.MEG', NULL, 'Gresik', '1997-12-06', 0, 'Staff', 2, 5520000, 0, '2021-06-15', 0, 0, '2023-09-16 17:00:00', '2023-09-16 17:00:00', NULL),
(11, 'Joni Andalas', 'joniandalas@gmail.com', '0000-00-00 00:00:00', '$2y$10$ACGv8ACGXs5aPHEtZlw0AO3BImtR8tcmFQdfJk16C0LNmhMzs.MEG', NULL, 'Gresik', '1981-03-15', 0, 'Staff', 1, 5520000, 150000, '2022-08-01', 0, 0, '2023-09-16 17:00:00', '2023-09-16 17:00:00', NULL),
(12, 'Nur Laili Ardiansya', 'nurlailiardiansya@gmail.com', '0000-00-00 00:00:00', '$2y$10$ACGv8ACGXs5aPHEtZlw0AO3BImtR8tcmFQdfJk16C0LNmhMzs.MEG', NULL, 'Gresik', '1990-03-24', 1, 'Staff', 2, 4520000, 0, '2022-11-26', 0, 0, '2023-09-16 17:00:00', '2023-09-16 17:00:00', NULL),
(13, 'Joko Mulyono', 'jokomulyono@gmail.com', '0000-00-00 00:00:00', '$2y$10$ACGv8ACGXs5aPHEtZlw0AO3BImtR8tcmFQdfJk16C0LNmhMzs.MEG', NULL, 'Gresik', '1980-05-14', 0, 'Supervisor Payroll', 0, 6520000, 300000, '2019-10-27', 1, 11, '2023-09-16 17:00:00', '2023-09-16 17:00:00', NULL),
(14, 'Angelica Putri', 'angelicaputri@gmail.com', '0000-00-00 00:00:00', '$2y$10$ACGv8ACGXs5aPHEtZlw0AO3BImtR8tcmFQdfJk16C0LNmhMzs.MEG', NULL, 'Gresik', '1992-06-06', 1, 'Staff Payroll', 1, 4520000, 150000, '2022-11-26', 0, 0, '2023-09-16 17:00:00', '2023-09-16 17:00:00', NULL),
(15, 'Dania Anastsya', 'daniaanastsya@gmail.com', '0000-00-00 00:00:00', '$2y$10$ACGv8ACGXs5aPHEtZlw0AO3BImtR8tcmFQdfJk16C0LNmhMzs.MEG', NULL, 'Gresik', '1985-08-10', 1, 'Staff Payroll', 0, 5520000, 300000, '2018-11-27', 1, 12, '2023-09-16 17:00:00', '2023-09-16 17:00:00', NULL),
(18, 'tess11', 'teguh@gmail.com', NULL, '$2y$10$FzgNe3mQ93UAnK6gNv4FBeJrW8oyWfGLw3dIqNMXTal2CUh5f33SC', NULL, 'gress', '2023-09-06', 0, 'Supervisor Payroll', 1, 5000000, 1000000, '2023-09-05', 1, NULL, '2023-09-17 02:14:27', '2023-09-17 02:15:12', '2023-09-17 09:15:12');

--
-- Indexes for dumped tables
--

--
-- Indexes for table `absensi`
--
ALTER TABLE `absensi`
  ADD PRIMARY KEY (`id`),
  ADD KEY `user_id` (`user_id`);

--
-- Indexes for table `failed_jobs`
--
ALTER TABLE `failed_jobs`
  ADD PRIMARY KEY (`id`),
  ADD UNIQUE KEY `failed_jobs_uuid_unique` (`uuid`);

--
-- Indexes for table `izin`
--
ALTER TABLE `izin`
  ADD PRIMARY KEY (`id`),
  ADD KEY `user_izin` (`user_id`);

--
-- Indexes for table `lembur`
--
ALTER TABLE `lembur`
  ADD PRIMARY KEY (`id`),
  ADD KEY `user_lembur` (`user_id`);

--
-- Indexes for table `migrations`
--
ALTER TABLE `migrations`
  ADD PRIMARY KEY (`id`);

--
-- Indexes for table `password_resets`
--
ALTER TABLE `password_resets`
  ADD KEY `password_resets_email_index` (`email`);

--
-- Indexes for table `penggajian`
--
ALTER TABLE `penggajian`
  ADD PRIMARY KEY (`id`);

--
-- Indexes for table `personal_access_tokens`
--
ALTER TABLE `personal_access_tokens`
  ADD PRIMARY KEY (`id`),
  ADD UNIQUE KEY `personal_access_tokens_token_unique` (`token`),
  ADD KEY `personal_access_tokens_tokenable_type_tokenable_id_index` (`tokenable_type`,`tokenable_id`);

--
-- Indexes for table `users`
--
ALTER TABLE `users`
  ADD PRIMARY KEY (`id`),
  ADD UNIQUE KEY `users_email_unique` (`email`);

--
-- AUTO_INCREMENT for dumped tables
--

--
-- AUTO_INCREMENT for table `absensi`
--
ALTER TABLE `absensi`
  MODIFY `id` int NOT NULL AUTO_INCREMENT, AUTO_INCREMENT=334;

--
-- AUTO_INCREMENT for table `failed_jobs`
--
ALTER TABLE `failed_jobs`
  MODIFY `id` bigint UNSIGNED NOT NULL AUTO_INCREMENT;

--
-- AUTO_INCREMENT for table `izin`
--
ALTER TABLE `izin`
  MODIFY `id` int NOT NULL AUTO_INCREMENT, AUTO_INCREMENT=8;

--
-- AUTO_INCREMENT for table `lembur`
--
ALTER TABLE `lembur`
  MODIFY `id` int NOT NULL AUTO_INCREMENT, AUTO_INCREMENT=7;

--
-- AUTO_INCREMENT for table `migrations`
--
ALTER TABLE `migrations`
  MODIFY `id` int UNSIGNED NOT NULL AUTO_INCREMENT, AUTO_INCREMENT=5;

--
-- AUTO_INCREMENT for table `penggajian`
--
ALTER TABLE `penggajian`
  MODIFY `id` int NOT NULL AUTO_INCREMENT, AUTO_INCREMENT=16;

--
-- AUTO_INCREMENT for table `personal_access_tokens`
--
ALTER TABLE `personal_access_tokens`
  MODIFY `id` bigint UNSIGNED NOT NULL AUTO_INCREMENT;

--
-- AUTO_INCREMENT for table `users`
--
ALTER TABLE `users`
  MODIFY `id` bigint UNSIGNED NOT NULL AUTO_INCREMENT, AUTO_INCREMENT=19;
COMMIT;

/*!40101 SET CHARACTER_SET_CLIENT=@OLD_CHARACTER_SET_CLIENT */;
/*!40101 SET CHARACTER_SET_RESULTS=@OLD_CHARACTER_SET_RESULTS */;
/*!40101 SET COLLATION_CONNECTION=@OLD_COLLATION_CONNECTION */;
